{"cameraMode":{"drawMode":0,"name":"Shaded","section":"Shading Mode"},"sceneLighting":false,"audioPlay":false,"sceneViewState":{"showFog":true,"showMaterialUpdate":false,"showSkybox":false,"showFlares":true,"showImageEffects":true,"showParticleSystems":true},"in2DMode":false,"pivot":{"x":0.04999995231628418,"y":1.25,"z":0.05000000074505806},"rotation":{"x":-0.037254467606544498,"y":0.9242440462112427,"z":-0.09349044412374497,"w":-0.368299663066864},"size":5.835964202880859,"orthographic":false}