{"cameraMode":{"drawMode":0,"name":"Shaded","section":"Shading Mode"},"sceneLighting":false,"audioPlay":false,"sceneViewState":{"showFog":true,"showMaterialUpdate":false,"showSkybox":false,"showFlares":true,"showImageEffects":true,"showParticleSystems":true},"in2DMode":false,"pivot":{"x":-2.8821065425872804,"y":3.380000114440918,"z":10.506402969360352},"rotation":{"x":0.024699818342924119,"y":0.2896817624568939,"z":-0.0074783312156796459,"w":0.9567750096321106},"size":40.010372161865237,"orthographic":false}