{"cameraMode":{"drawMode":0,"name":"Shaded","section":"Shading Mode"},"sceneLighting":false,"audioPlay":false,"sceneViewState":{"showFog":true,"showMaterialUpdate":false,"showSkybox":false,"showFlares":true,"showImageEffects":true,"showParticleSystems":true},"in2DMode":false,"pivot":{"x":16.273242950439454,"y":-2.2174172401428224,"z":50.778072357177737},"rotation":{"x":0.14779646694660188,"y":0.310258150100708,"z":-0.048895370215177539,"w":0.9378194808959961},"size":30.183441162109376,"orthographic":false}