{"cameraMode":{"drawMode":0,"name":"Shaded","section":"Shading Mode"},"sceneLighting":false,"audioPlay":false,"sceneViewState":{"showFog":true,"showMaterialUpdate":false,"showSkybox":false,"showFlares":true,"showImageEffects":true,"showParticleSystems":true},"in2DMode":false,"pivot":{"x":-33.68560028076172,"y":-2.088533878326416,"z":-42.578521728515628},"rotation":{"x":-0.0050964681431651119,"y":0.9603360295295715,"z":-0.017589405179023744,"w":-0.27824360132217409},"size":76.25112915039063,"orthographic":false}