{"cameraMode":{"drawMode":0,"name":"Shaded","section":"Shading Mode"},"sceneLighting":false,"audioPlay":false,"sceneViewState":{"showFog":true,"showMaterialUpdate":false,"showSkybox":false,"showFlares":true,"showImageEffects":true,"showParticleSystems":true},"in2DMode":false,"pivot":{"x":321.2918701171875,"y":111.9124526977539,"z":30.91223907470703},"rotation":{"x":0.053483057767152789,"y":-0.7989343404769898,"z":-0.07184875011444092,"w":-0.5947110652923584},"size":416.1438903808594,"orthographic":false}