{"cameraMode":{"drawMode":0,"name":"Shaded","section":"Shading Mode"},"sceneLighting":false,"audioPlay":false,"sceneViewState":{"showFog":true,"showMaterialUpdate":false,"showSkybox":false,"showFlares":true,"showImageEffects":true,"showParticleSystems":true},"in2DMode":false,"pivot":{"x":4.754655838012695,"y":22.524999618530275,"z":25.925006866455079},"rotation":{"x":0.15582400560379029,"y":0.2271662950515747,"z":-0.0368499755859375,"w":0.9606021642684937},"size":43.315189361572269,"orthographic":false}