{"cameraMode":{"drawMode":0,"name":"Shaded","section":"Shading Mode"},"sceneLighting":false,"audioPlay":false,"sceneViewState":{"showFog":true,"showMaterialUpdate":false,"showSkybox":false,"showFlares":true,"showImageEffects":true,"showParticleSystems":true},"in2DMode":false,"pivot":{"x":376.75079345703127,"y":194.83865356445313,"z":102.4552993774414},"rotation":{"x":0.03347307816147804,"y":-0.9609888195991516,"z":-0.2394418567419052,"w":-0.1343417763710022},"size":416.1438903808594,"orthographic":false}