{"cameraMode":{"drawMode":0,"name":"Shaded","section":"Shading Mode"},"sceneLighting":false,"audioPlay":false,"sceneViewState":{"showFog":true,"showMaterialUpdate":false,"showSkybox":false,"showFlares":true,"showImageEffects":true,"showParticleSystems":true},"in2DMode":false,"pivot":{"x":-3.475961685180664,"y":2.0242717266082765,"z":2.4429521560668947},"rotation":{"x":0.024699818342924119,"y":0.2896817624568939,"z":-0.0074783312156796459,"w":0.9567750096321106},"size":7.949041366577148,"orthographic":false}