{"cameraMode":{"drawMode":0,"name":"Shaded","section":"Shading Mode"},"sceneLighting":false,"audioPlay":false,"sceneViewState":{"showFog":true,"showMaterialUpdate":false,"showSkybox":false,"showFlares":true,"showImageEffects":true,"showParticleSystems":true},"in2DMode":false,"pivot":{"x":0.4451146125793457,"y":-0.5280423164367676,"z":2.0669617652893068},"rotation":{"x":0.14274950325489045,"y":0.1199369952082634,"z":-0.01742926985025406,"w":0.9823105335235596},"size":18.948314666748048,"orthographic":false}