{"cameraMode":{"drawMode":0,"name":"Shaded","section":"Shading Mode"},"sceneLighting":false,"audioPlay":false,"sceneViewState":{"showFog":true,"showMaterialUpdate":false,"showSkybox":false,"showFlares":true,"showImageEffects":true,"showParticleSystems":true},"in2DMode":false,"pivot":{"x":25.34096336364746,"y":0.7354602813720703,"z":5.06080961227417},"rotation":{"x":-0.14574429392814637,"y":-0.6956719160079956,"z":0.14741259813308717,"w":-0.6877999901771545},"size":41.09923553466797,"orthographic":false}