{"cameraMode":{"drawMode":0,"name":"Shaded","section":"Shading Mode"},"sceneLighting":false,"audioPlay":false,"sceneViewState":{"showFog":true,"showMaterialUpdate":false,"showSkybox":false,"showFlares":true,"showImageEffects":true,"showParticleSystems":true},"in2DMode":false,"pivot":{"x":-40.09858703613281,"y":20.349323272705079,"z":-2.4270379543304445},"rotation":{"x":0.03705058619379997,"y":-0.9546025395393372,"z":0.13433994352817536,"w":0.263275682926178},"size":7.731765270233154,"orthographic":false}