{"cameraMode":{"drawMode":0,"name":"Shaded","section":"Shading Mode"},"sceneLighting":false,"audioPlay":false,"sceneViewState":{"showFog":true,"showMaterialUpdate":false,"showSkybox":false,"showFlares":true,"showImageEffects":true,"showParticleSystems":true},"in2DMode":false,"pivot":{"x":8.066778182983399,"y":-14.011563301086426,"z":-6.21469783782959},"rotation":{"x":0.21958313882350923,"y":0.7715200781822205,"z":-0.350395530462265,"w":0.48349058628082278},"size":24.672924041748048,"orthographic":false}