{"cameraMode":{"drawMode":0,"name":"Shaded","section":"Shading Mode"},"sceneLighting":false,"audioPlay":false,"sceneViewState":{"showFog":true,"showMaterialUpdate":false,"showSkybox":false,"showFlares":true,"showImageEffects":true,"showParticleSystems":true},"in2DMode":false,"pivot":{"x":52.38395690917969,"y":-19.477046966552736,"z":20.19214630126953},"rotation":{"x":0.1383863240480423,"y":0.6257647275924683,"z":-0.11407659202814102,"w":0.7591142058372498},"size":149.0020294189453,"orthographic":false}