{"cameraMode":{"drawMode":0,"name":"Shaded","section":"Shading Mode"},"sceneLighting":false,"audioPlay":false,"sceneViewState":{"showFog":true,"showMaterialUpdate":false,"showSkybox":false,"showFlares":true,"showImageEffects":true,"showParticleSystems":true},"in2DMode":false,"pivot":{"x":-0.6308908462524414,"y":0.8447216749191284,"z":0.002350360155105591},"rotation":{"x":0.05886797606945038,"y":0.621026337146759,"z":-0.04686051607131958,"w":0.7801698446273804},"size":2.281874656677246,"orthographic":false}