{"cameraMode":{"drawMode":0,"name":"Shaded","section":"Shading Mode"},"sceneLighting":false,"audioPlay":false,"sceneViewState":{"showFog":true,"showMaterialUpdate":false,"showSkybox":false,"showFlares":true,"showImageEffects":true,"showParticleSystems":true},"in2DMode":false,"pivot":{"x":51.37234878540039,"y":-29.607648849487306,"z":39.57858657836914},"rotation":{"x":0.20110157132148744,"y":0.38660526275634768,"z":-0.08678513020277024,"w":0.8958588242530823},"size":113.40738677978516,"orthographic":false}