{"cameraMode":{"drawMode":0,"name":"Shaded","section":"Shading Mode"},"sceneLighting":false,"audioPlay":false,"sceneViewState":{"showFog":true,"showMaterialUpdate":false,"showSkybox":false,"showFlares":true,"showImageEffects":true,"showParticleSystems":true},"in2DMode":false,"pivot":{"x":0.08179272711277008,"y":3.168187379837036,"z":5.429211139678955},"rotation":{"x":-0.13594184815883637,"y":0.16581983864307404,"z":-0.023086141794919969,"w":-0.9764684438705444},"size":4.471584796905518,"orthographic":false}