{"cameraMode":{"drawMode":0,"name":"Shaded","section":"Shading Mode"},"sceneLighting":false,"audioPlay":false,"sceneViewState":{"showFog":true,"showMaterialUpdate":false,"showSkybox":false,"showFlares":true,"showImageEffects":true,"showParticleSystems":true},"in2DMode":false,"pivot":{"x":27.500205993652345,"y":28.987865447998048,"z":-25.881175994873048},"rotation":{"x":-0.10869855433702469,"y":0.20483605563640595,"z":-0.022895697504281999,"w":-0.9724724292755127},"size":49.426231384277347,"orthographic":false}