{"cameraMode":{"drawMode":0,"name":"Shaded","section":"Shading Mode"},"sceneLighting":false,"audioPlay":false,"sceneViewState":{"showFog":true,"showMaterialUpdate":false,"showSkybox":false,"showFlares":true,"showImageEffects":true,"showParticleSystems":true},"in2DMode":false,"pivot":{"x":76.93268585205078,"y":35.441741943359378,"z":19.747928619384767},"rotation":{"x":-0.10625773668289185,"y":0.839982271194458,"z":-0.17799092829227448,"w":-0.5014561414718628},"size":4.15540885925293,"orthographic":false}