{"cameraMode":{"drawMode":0,"name":"Shaded","section":"Shading Mode"},"sceneLighting":false,"audioPlay":false,"sceneViewState":{"showFog":true,"showMaterialUpdate":false,"showSkybox":false,"showFlares":true,"showImageEffects":true,"showParticleSystems":true},"in2DMode":false,"pivot":{"x":-54.062469482421878,"y":-16.36126708984375,"z":25.587753295898439},"rotation":{"x":0.18537738919258119,"y":-0.2904590666294098,"z":0.057465095072984698,"w":0.9369986653327942},"size":123.0210952758789,"orthographic":false}