{"cameraMode":{"drawMode":0,"name":"Shaded","section":"Shading Mode"},"sceneLighting":false,"audioPlay":false,"sceneViewState":{"showFog":true,"showMaterialUpdate":false,"showSkybox":false,"showFlares":true,"showImageEffects":true,"showParticleSystems":true},"in2DMode":false,"pivot":{"x":-1.7884864807128907,"y":-35.645381927490237,"z":19.252140045166017},"rotation":{"x":-0.30183103680610659,"y":-0.3039231300354004,"z":0.10217290371656418,"w":-0.8978248834609985},"size":124.89350128173828,"orthographic":false}