{"cameraMode":{"drawMode":0,"name":"Shaded","section":"Shading Mode"},"sceneLighting":false,"audioPlay":false,"sceneViewState":{"showFog":true,"showMaterialUpdate":false,"showSkybox":false,"showFlares":true,"showImageEffects":true,"showParticleSystems":true},"in2DMode":false,"pivot":{"x":-61.37471389770508,"y":-0.9301013350486755,"z":5.1549835205078129},"rotation":{"x":0.08374127745628357,"y":-0.6286585330963135,"z":0.06835634261369705,"w":0.7701320648193359},"size":79.64311218261719,"orthographic":false}