{"cameraMode":{"drawMode":0,"name":"Shaded","section":"Shading Mode"},"sceneLighting":false,"audioPlay":false,"sceneViewState":{"showFog":true,"showMaterialUpdate":false,"showSkybox":false,"showFlares":true,"showImageEffects":true,"showParticleSystems":true},"in2DMode":false,"pivot":{"x":0.02798926830291748,"y":-0.39869990944862368,"z":2.463174343109131},"rotation":{"x":-0.056099794805049899,"y":-0.9318978190422058,"z":0.16410742700099946,"w":-0.31857192516326907},"size":4.005000114440918,"orthographic":false}