{"cameraMode":{"drawMode":0,"name":"Shaded","section":"Shading Mode"},"sceneLighting":false,"audioPlay":false,"sceneViewState":{"showFog":true,"showMaterialUpdate":false,"showSkybox":false,"showFlares":true,"showImageEffects":true,"showParticleSystems":true},"in2DMode":false,"pivot":{"x":-0.4500007629394531,"y":7.214924335479736,"z":0.0},"rotation":{"x":0.05727839097380638,"y":-0.9393708109855652,"z":0.19464066624641419,"w":0.2764357328414917},"size":191.56265258789063,"orthographic":false}