{"cameraMode":{"drawMode":0,"name":"Shaded","section":"Shading Mode"},"sceneLighting":false,"audioPlay":false,"sceneViewState":{"showFog":true,"showMaterialUpdate":false,"showSkybox":false,"showFlares":true,"showImageEffects":true,"showParticleSystems":true},"in2DMode":false,"pivot":{"x":-29.817792892456056,"y":-7.5456085205078129,"z":14.137775421142579},"rotation":{"x":0.3165692090988159,"y":-0.4425191283226013,"z":0.17052511870861054,"w":0.8215120434761047},"size":99.81570434570313,"orthographic":false}