{"cameraMode":{"drawMode":0,"name":"Shaded","section":"Shading Mode"},"sceneLighting":false,"audioPlay":false,"sceneViewState":{"showFog":true,"showMaterialUpdate":false,"showSkybox":false,"showFlares":true,"showImageEffects":true,"showParticleSystems":true},"in2DMode":false,"pivot":{"x":39.83018493652344,"y":-29.737682342529298,"z":-10.289745330810547},"rotation":{"x":0.18665555119514466,"y":-0.7303105592727661,"z":0.22017160058021546,"w":0.6191370487213135},"size":77.17493438720703,"orthographic":false}