{"cameraMode":{"drawMode":0,"name":"Shaded","section":"Shading Mode"},"sceneLighting":false,"audioPlay":false,"sceneViewState":{"showFog":true,"showMaterialUpdate":false,"showSkybox":false,"showFlares":true,"showImageEffects":true,"showParticleSystems":true},"in2DMode":false,"pivot":{"x":-1.7799124717712403,"y":2.513913631439209,"z":2.1786704063415529},"rotation":{"x":0.0017820581560954452,"y":0.9042801260948181,"z":0.003771299496293068,"w":-0.42691928148269656},"size":7.422340393066406,"orthographic":false}