{"cameraMode":{"drawMode":0,"name":"Shaded","section":"Shading Mode"},"sceneLighting":false,"audioPlay":false,"sceneViewState":{"showFog":true,"showMaterialUpdate":false,"showSkybox":false,"showFlares":true,"showImageEffects":true,"showParticleSystems":true},"in2DMode":false,"pivot":{"x":-1.3980913162231446,"y":2.5951738357543947,"z":-0.3892810642719269},"rotation":{"x":0.003728242125362158,"y":-0.995915412902832,"z":-0.04902808368206024,"w":-0.07572932541370392},"size":4.24523401260376,"orthographic":false}