{"cameraMode":{"drawMode":0,"name":"Shaded","section":"Shading Mode"},"sceneLighting":false,"audioPlay":false,"sceneViewState":{"showFog":true,"showMaterialUpdate":false,"showSkybox":false,"showFlares":true,"showImageEffects":true,"showParticleSystems":true},"in2DMode":false,"pivot":{"x":-66.97535705566406,"y":2.744678020477295,"z":-30.966474533081056},"rotation":{"x":0.034076616168022159,"y":-0.9434540867805481,"z":0.10259071737527847,"w":0.3133823275566101},"size":71.49806213378906,"orthographic":false}