{"cameraMode":{"drawMode":0,"name":"Shaded","section":"Shading Mode"},"sceneLighting":false,"audioPlay":false,"sceneViewState":{"showFog":true,"showMaterialUpdate":false,"showSkybox":false,"showFlares":true,"showImageEffects":true,"showParticleSystems":true},"in2DMode":false,"pivot":{"x":-16.1400146484375,"y":0.4119481146335602,"z":-12.928088188171387},"rotation":{"x":-0.006656740792095661,"y":-0.9466129541397095,"z":-0.019587917253375055,"w":0.32170790433883669},"size":40.38471221923828,"orthographic":false}