{"cameraMode":{"drawMode":0,"name":"Shaded","section":"Shading Mode"},"sceneLighting":false,"audioPlay":false,"sceneViewState":{"showFog":true,"showMaterialUpdate":false,"showSkybox":false,"showFlares":true,"showImageEffects":true,"showParticleSystems":true},"in2DMode":false,"pivot":{"x":-11.704456329345704,"y":0.5944584608078003,"z":18.56566047668457},"rotation":{"x":0.03705058619379997,"y":-0.9546025395393372,"z":0.13433994352817536,"w":0.263275682926178},"size":19.767749786376954,"orthographic":false}