{"cameraMode":{"drawMode":0,"name":"Shaded","section":"Shading Mode"},"sceneLighting":false,"audioPlay":false,"sceneViewState":{"showFog":true,"showMaterialUpdate":false,"showSkybox":false,"showFlares":true,"showImageEffects":true,"showParticleSystems":true},"in2DMode":false,"pivot":{"x":70.11109924316406,"y":6.600057601928711,"z":-12.06495189666748},"rotation":{"x":0.010364837944507599,"y":0.8519308567047119,"z":-0.5232797861099243,"w":0.016874272376298906},"size":82.68639373779297,"orthographic":false}