{"cameraMode":{"drawMode":0,"name":"Shaded","section":"Shading Mode"},"sceneLighting":false,"audioPlay":false,"sceneViewState":{"showFog":true,"showMaterialUpdate":false,"showSkybox":false,"showFlares":true,"showImageEffects":true,"showParticleSystems":true},"in2DMode":false,"pivot":{"x":7.108895301818848,"y":2.7100257873535158,"z":39.1281623840332},"rotation":{"x":0.112577885389328,"y":-0.8874223232269287,"z":0.31622615456581118,"w":0.3159255087375641},"size":52.76895523071289,"orthographic":false}