{"cameraMode":{"drawMode":0,"name":"Shaded","section":"Shading Mode"},"sceneLighting":false,"audioPlay":false,"sceneViewState":{"showFog":true,"showMaterialUpdate":false,"showSkybox":false,"showFlares":true,"showImageEffects":true,"showParticleSystems":true},"in2DMode":false,"pivot":{"x":0.1840047836303711,"y":-1.9037995338439942,"z":-1.7060171365737916},"rotation":{"x":0.29620301723480227,"y":0.7037070989608765,"z":-0.4498801827430725,"w":0.4633227288722992},"size":4.669820785522461,"orthographic":false}