{"cameraMode":{"drawMode":0,"name":"Shaded","section":"Shading Mode"},"sceneLighting":false,"audioPlay":false,"sceneViewState":{"showFog":true,"showMaterialUpdate":false,"showSkybox":false,"showFlares":true,"showImageEffects":true,"showParticleSystems":true},"in2DMode":false,"pivot":{"x":4.730705261230469,"y":3.769388198852539,"z":0.8571515083312988},"rotation":{"x":0.04451040178537369,"y":0.7250912189483643,"z":-0.04707173630595207,"w":0.6855989098548889},"size":13.47575569152832,"orthographic":false}