{"cameraMode":{"drawMode":0,"name":"Shaded","section":"Shading Mode"},"sceneLighting":false,"audioPlay":false,"sceneViewState":{"showFog":true,"showMaterialUpdate":false,"showSkybox":false,"showFlares":true,"showImageEffects":true,"showParticleSystems":true},"in2DMode":false,"pivot":{"x":-0.9430490732192993,"y":2.0882980823516847,"z":3.9639997482299806},"rotation":{"x":-0.08042299747467041,"y":0.862744152545929,"z":-0.14528128504753114,"w":-0.4775961637496948},"size":3.4968576431274416,"orthographic":false}