{"cameraMode":{"drawMode":0,"name":"Shaded","section":"Shading Mode"},"sceneLighting":false,"audioPlay":false,"sceneViewState":{"showFog":true,"showMaterialUpdate":false,"showSkybox":false,"showFlares":true,"showImageEffects":true,"showParticleSystems":true},"in2DMode":false,"pivot":{"x":-1.6465938091278077,"y":0.6339428424835205,"z":-0.17639312148094178},"rotation":{"x":0.13368599116802216,"y":-0.6802787780761719,"z":0.12824438512325288,"w":0.7091560363769531},"size":9.455522537231446,"orthographic":false}