{"cameraMode":{"drawMode":0,"name":"Shaded","section":"Shading Mode"},"sceneLighting":false,"audioPlay":false,"sceneViewState":{"showFog":true,"showMaterialUpdate":false,"showSkybox":false,"showFlares":true,"showImageEffects":true,"showParticleSystems":true},"in2DMode":false,"pivot":{"x":-14.6923189163208,"y":8.526036262512207,"z":17.421831130981447},"rotation":{"x":0.007280169054865837,"y":0.9920725226402283,"z":-0.06887596100568772,"w":0.10485856235027313},"size":23.279808044433595,"orthographic":false}