{"cameraMode":{"drawMode":0,"name":"Shaded","section":"Shading Mode"},"sceneLighting":false,"audioPlay":false,"sceneViewState":{"showFog":true,"showMaterialUpdate":false,"showSkybox":false,"showFlares":true,"showImageEffects":true,"showParticleSystems":true},"in2DMode":false,"pivot":{"x":-10.80992603302002,"y":-14.281261444091797,"z":16.268890380859376},"rotation":{"x":0.4325060248374939,"y":0.012986717745661736,"z":-0.006230351980775595,"w":0.9015159606933594},"size":84.0467529296875,"orthographic":false}