{"cameraMode":{"drawMode":0,"name":"Shaded","section":"Shading Mode"},"sceneLighting":false,"audioPlay":false,"sceneViewState":{"showFog":true,"showMaterialUpdate":false,"showSkybox":false,"showFlares":true,"showImageEffects":true,"showParticleSystems":true},"in2DMode":false,"pivot":{"x":0.6288666725158691,"y":-2.175710439682007,"z":-2.9578118324279787},"rotation":{"x":-0.0005284767248667777,"y":0.992024302482605,"z":0.004141650628298521,"w":0.1259777694940567},"size":0.8573656678199768,"orthographic":false}