{"cameraMode":{"drawMode":0,"name":"Shaded","section":"Shading Mode"},"sceneLighting":false,"audioPlay":false,"sceneViewState":{"showFog":true,"showMaterialUpdate":false,"showSkybox":false,"showFlares":true,"showImageEffects":true,"showParticleSystems":true},"in2DMode":false,"pivot":{"x":-0.9698948860168457,"y":4.588717460632324,"z":1.559147834777832},"rotation":{"x":0.10340400040149689,"y":0.626305341720581,"z":-0.08431541174650192,"w":0.7680756449699402},"size":8.65041446685791,"orthographic":false}