{"cameraMode":{"drawMode":0,"name":"Shaded","section":"Shading Mode"},"sceneLighting":false,"audioPlay":false,"sceneViewState":{"showFog":true,"showMaterialUpdate":false,"showSkybox":false,"showFlares":true,"showImageEffects":true,"showParticleSystems":true},"in2DMode":false,"pivot":{"x":-2.8993520736694338,"y":0.7888860702514648,"z":-0.9115512371063232},"rotation":{"x":0.0033610460814088585,"y":-0.7177789807319641,"z":0.0034667612053453924,"w":0.6962542533874512},"size":16.39791488647461,"orthographic":false}