{"cameraMode":{"drawMode":0,"name":"Shaded","section":"Shading Mode"},"sceneLighting":false,"audioPlay":false,"sceneViewState":{"showFog":true,"showMaterialUpdate":false,"showSkybox":false,"showFlares":true,"showImageEffects":true,"showParticleSystems":true},"in2DMode":false,"pivot":{"x":-1.9922022819519044,"y":7.319435119628906,"z":1.6344692707061768},"rotation":{"x":0.07385379821062088,"y":0.8016050457954407,"z":0.10127206891775131,"w":-0.5845673680305481},"size":10.54220199584961,"orthographic":false}