{"cameraMode":{"drawMode":0,"name":"Shaded","section":"Shading Mode"},"sceneLighting":false,"audioPlay":false,"sceneViewState":{"showFog":true,"showMaterialUpdate":false,"showSkybox":false,"showFlares":true,"showImageEffects":true,"showParticleSystems":true},"in2DMode":false,"pivot":{"x":3.3426461219787599,"y":0.8792644739151001,"z":-3.2538936138153078},"rotation":{"x":-0.028862688690423967,"y":-0.9316405057907105,"z":0.07591909170150757,"w":-0.3541882336139679},"size":8.141800880432129,"orthographic":false}