{"cameraMode":{"drawMode":0,"name":"Shaded","section":"Shading Mode"},"sceneLighting":false,"audioPlay":false,"sceneViewState":{"showFog":true,"showMaterialUpdate":false,"showSkybox":false,"showFlares":true,"showImageEffects":true,"showParticleSystems":true},"in2DMode":false,"pivot":{"x":-1.2646942138671876,"y":0.39136171340942385,"z":0.3099405765533447},"rotation":{"x":-0.17493991553783418,"y":0.7965430021286011,"z":-0.2731114327907562,"w":-0.510221004486084},"size":23.137022018432618,"orthographic":false}