{"cameraMode":{"drawMode":0,"name":"Shaded","section":"Shading Mode"},"sceneLighting":false,"audioPlay":false,"sceneViewState":{"showFog":true,"showMaterialUpdate":false,"showSkybox":false,"showFlares":true,"showImageEffects":true,"showParticleSystems":true},"in2DMode":false,"pivot":{"x":-0.4792942702770233,"y":0.03979094326496124,"z":-0.7229279279708862},"rotation":{"x":0.10591662675142288,"y":0.8371711373329163,"z":-0.1747869849205017,"w":0.5073220729827881},"size":1.0910801887512208,"orthographic":false}