{"cameraMode":{"drawMode":0,"name":"Shaded","section":"Shading Mode"},"sceneLighting":false,"audioPlay":false,"sceneViewState":{"showFog":true,"showMaterialUpdate":false,"showSkybox":false,"showFlares":true,"showImageEffects":true,"showParticleSystems":true},"in2DMode":false,"pivot":{"x":-21.610000610351564,"y":1.416520118713379,"z":3.4159045219421388},"rotation":{"x":-0.1017293781042099,"y":-0.572014570236206,"z":0.07177618891000748,"w":-0.8107395768165588},"size":4.0578837394714359,"orthographic":false}