{"cameraMode":{"drawMode":0,"name":"Shaded","section":"Shading Mode"},"sceneLighting":false,"audioPlay":false,"sceneViewState":{"showFog":true,"showMaterialUpdate":false,"showSkybox":false,"showFlares":true,"showImageEffects":true,"showParticleSystems":true},"in2DMode":false,"pivot":{"x":0.0,"y":-0.0000011920928955078126,"z":-0.000003933906555175781},"rotation":{"x":-0.006580582354217768,"y":-0.9883745312690735,"z":0.044813692569732669,"w":-0.14513522386550904},"size":2.857893228530884,"orthographic":false}