{"cameraMode":{"drawMode":0,"name":"Shaded","section":"Shading Mode"},"sceneLighting":false,"audioPlay":false,"sceneViewState":{"showFog":true,"showMaterialUpdate":false,"showSkybox":false,"showFlares":true,"showImageEffects":true,"showParticleSystems":true},"in2DMode":false,"pivot":{"x":-3.865509033203125,"y":-26.28837776184082,"z":83.33853149414063},"rotation":{"x":-0.10228194296360016,"y":0.15953755378723145,"z":-0.01662103645503521,"w":-0.9817382097244263},"size":144.91928100585938,"orthographic":false}