{"cameraMode":{"drawMode":0,"name":"Shaded","section":"Shading Mode"},"sceneLighting":false,"audioPlay":false,"sceneViewState":{"showFog":true,"showMaterialUpdate":false,"showSkybox":false,"showFlares":true,"showImageEffects":true,"showParticleSystems":true},"in2DMode":false,"pivot":{"x":-62.03064727783203,"y":-64.20651245117188,"z":8.048690795898438},"rotation":{"x":0.33995068073272707,"y":-0.6400386691093445,"z":0.3774320185184479,"w":0.576479971408844},"size":189.3298797607422,"orthographic":false}