{"cameraMode":{"drawMode":0,"name":"Shaded","section":"Shading Mode"},"sceneLighting":false,"audioPlay":false,"sceneViewState":{"showFog":true,"showMaterialUpdate":false,"showSkybox":false,"showFlares":true,"showImageEffects":true,"showParticleSystems":true},"in2DMode":false,"pivot":{"x":-5.797002792358398,"y":-6.399962425231934,"z":128.26296997070313},"rotation":{"x":0.00463870819658041,"y":0.9944158792495728,"z":-0.04957272484898567,"w":0.09304914623498917},"size":8.662293434143067,"orthographic":false}