{"cameraMode":{"drawMode":0,"name":"Shaded","section":"Shading Mode"},"sceneLighting":false,"audioPlay":false,"sceneViewState":{"showFog":true,"showMaterialUpdate":false,"showSkybox":false,"showFlares":true,"showImageEffects":true,"showParticleSystems":true},"in2DMode":false,"pivot":{"x":-35.7445068359375,"y":2.4493255615234377,"z":-0.12842941284179688},"rotation":{"x":0.2625199854373932,"y":-0.5511355996131897,"z":0.18804918229579926,"w":0.7693961262702942},"size":89.7398681640625,"orthographic":false}