{"cameraMode":{"drawMode":0,"name":"Shaded","section":"Shading Mode"},"sceneLighting":false,"audioPlay":false,"sceneViewState":{"showFog":true,"showMaterialUpdate":false,"showSkybox":false,"showFlares":true,"showImageEffects":true,"showParticleSystems":true},"in2DMode":false,"pivot":{"x":-31.461204528808595,"y":6.843561172485352,"z":-18.91973304748535},"rotation":{"x":-0.08032578229904175,"y":0.5995697975158691,"z":-0.0606558583676815,"w":-0.7939677238464356},"size":76.97593688964844,"orthographic":false}