{"cameraMode":{"drawMode":0,"name":"Shaded","section":"Shading Mode"},"sceneLighting":false,"audioPlay":false,"sceneViewState":{"showFog":true,"showMaterialUpdate":false,"showSkybox":false,"showFlares":true,"showImageEffects":true,"showParticleSystems":true},"in2DMode":false,"pivot":{"x":1.2242716550827027,"y":1.3487004041671754,"z":2.131756067276001},"rotation":{"x":-0.022074300795793535,"y":0.25271764397621157,"z":-0.005768225062638521,"w":-0.9672710299491882},"size":1.939021348953247,"orthographic":false}