{"cameraMode":{"drawMode":0,"name":"Shaded","section":"Shading Mode"},"sceneLighting":false,"audioPlay":false,"sceneViewState":{"showFog":true,"showMaterialUpdate":false,"showSkybox":false,"showFlares":true,"showImageEffects":true,"showParticleSystems":true},"in2DMode":false,"pivot":{"x":-1.5738639831542969,"y":7.015953063964844,"z":1.799997329711914},"rotation":{"x":-0.34412768483161929,"y":-0.0008470364264212549,"z":0.0003105125797446817,"w":-0.9389224052429199},"size":92.25029754638672,"orthographic":false}