{"cameraMode":{"drawMode":0,"name":"Shaded","section":"Shading Mode"},"sceneLighting":false,"audioPlay":false,"sceneViewState":{"showFog":true,"showMaterialUpdate":false,"showSkybox":false,"showFlares":true,"showImageEffects":true,"showParticleSystems":true},"in2DMode":false,"pivot":{"x":0.4612277150154114,"y":-2.3209304809570314,"z":-5.305115699768066},"rotation":{"x":-0.024757076054811479,"y":0.9693261384963989,"z":-0.10982947796583176,"w":-0.218475341796875},"size":1.7573657035827637,"orthographic":false}