{"cameraMode":{"drawMode":0,"name":"Shaded","section":"Shading Mode"},"sceneLighting":false,"audioPlay":false,"sceneViewState":{"showFog":true,"showMaterialUpdate":false,"showSkybox":false,"showFlares":true,"showImageEffects":true,"showParticleSystems":true},"in2DMode":false,"pivot":{"x":-25.79745864868164,"y":-29.015026092529298,"z":53.90587615966797},"rotation":{"x":0.2937336266040802,"y":-0.06360012292861939,"z":0.019591661170125009,"w":0.9535678625106812},"size":123.79733276367188,"orthographic":false}