{"cameraMode":{"drawMode":0,"name":"Shaded","section":"Shading Mode"},"sceneLighting":false,"audioPlay":false,"sceneViewState":{"showFog":true,"showMaterialUpdate":false,"showSkybox":false,"showFlares":true,"showImageEffects":true,"showParticleSystems":true},"in2DMode":false,"pivot":{"x":-38.407691955566409,"y":-1.589508056640625,"z":-47.000274658203128},"rotation":{"x":-0.037482574582099918,"y":0.8588859438896179,"z":-0.0635191947221756,"w":-0.5068286657333374},"size":117.65792083740235,"orthographic":false}