{"cameraMode":{"drawMode":0,"name":"Shaded","section":"Shading Mode"},"sceneLighting":false,"audioPlay":false,"sceneViewState":{"showFog":true,"showMaterialUpdate":false,"showSkybox":false,"showFlares":true,"showImageEffects":true,"showParticleSystems":true},"in2DMode":false,"pivot":{"x":0.16057872772216798,"y":1.061191201210022,"z":-0.3126950263977051},"rotation":{"x":-0.0050964681431651119,"y":0.9603360295295715,"z":-0.017589403316378595,"w":-0.27824360132217409},"size":9.390026092529297,"orthographic":false}