{"cameraMode":{"drawMode":0,"name":"Shaded","section":"Shading Mode"},"sceneLighting":false,"audioPlay":false,"sceneViewState":{"showFog":true,"showMaterialUpdate":false,"showSkybox":false,"showFlares":true,"showImageEffects":true,"showParticleSystems":true},"in2DMode":false,"pivot":{"x":1.0973715782165528,"y":2.154480457305908,"z":0.20378458499908448},"rotation":{"x":0.1580200046300888,"y":0.7090114951133728,"z":-0.16812646389007569,"w":0.6663827300071716},"size":4.4864115715026859,"orthographic":false}