{"cameraMode":{"drawMode":0,"name":"Shaded","section":"Shading Mode"},"sceneLighting":false,"audioPlay":false,"sceneViewState":{"showFog":true,"showMaterialUpdate":false,"showSkybox":false,"showFlares":true,"showImageEffects":true,"showParticleSystems":true},"in2DMode":false,"pivot":{"x":-3.556307077407837,"y":0.6628323793411255,"z":-14.214665412902832},"rotation":{"x":-0.06275442242622376,"y":-0.24678310751914979,"z":0.016017204150557519,"w":-0.9669041037559509},"size":5.548736095428467,"orthographic":false}