{"cameraMode":{"drawMode":0,"name":"Shaded","section":"Shading Mode"},"sceneLighting":false,"audioPlay":false,"sceneViewState":{"showFog":true,"showMaterialUpdate":false,"showSkybox":false,"showFlares":true,"showImageEffects":true,"showParticleSystems":true},"in2DMode":false,"pivot":{"x":0.6475939750671387,"y":-2.726501703262329,"z":15.943477630615235},"rotation":{"x":-0.0796671137213707,"y":0.04032250493764877,"z":-0.0032242839224636556,"w":-0.9960004687309265},"size":10.158486366271973,"orthographic":false}