{"cameraMode":{"drawMode":0,"name":"Shaded","section":"Shading Mode"},"sceneLighting":false,"audioPlay":false,"sceneViewState":{"showFog":true,"showMaterialUpdate":false,"showSkybox":false,"showFlares":true,"showImageEffects":true,"showParticleSystems":true},"in2DMode":false,"pivot":{"x":17.107154846191408,"y":-0.12539590895175935,"z":9.771878242492676},"rotation":{"x":0.002420788398012519,"y":0.682729959487915,"z":-0.002262919209897518,"w":0.7306632995605469},"size":18.6820125579834,"orthographic":false}