{"cameraMode":{"drawMode":0,"name":"Shaded","section":"Shading Mode"},"sceneLighting":false,"audioPlay":false,"sceneViewState":{"showFog":true,"showMaterialUpdate":false,"showSkybox":false,"showFlares":true,"showImageEffects":true,"showParticleSystems":true},"in2DMode":false,"pivot":{"x":10.877315521240235,"y":7.230558395385742,"z":0.9811990857124329},"rotation":{"x":-0.1630212366580963,"y":0.6645040512084961,"z":0.1518692821264267,"w":0.7132981419563294},"size":10.694496154785157,"orthographic":false}