{"cameraMode":{"drawMode":0,"name":"Shaded","section":"Shading Mode"},"sceneLighting":false,"audioPlay":false,"sceneViewState":{"showFog":true,"showMaterialUpdate":false,"showSkybox":false,"showFlares":true,"showImageEffects":true,"showParticleSystems":true},"in2DMode":false,"pivot":{"x":-0.04999999701976776,"y":3.9000000953674318,"z":6.284999847412109},"rotation":{"x":0.0921991765499115,"y":0.4776396155357361,"z":-0.05048874020576477,"w":0.872244656085968},"size":7.44952392578125,"orthographic":false}