{"cameraMode":{"drawMode":0,"name":"Shaded","section":"Shading Mode"},"sceneLighting":false,"audioPlay":false,"sceneViewState":{"showFog":true,"showMaterialUpdate":false,"showSkybox":false,"showFlares":true,"showImageEffects":true,"showParticleSystems":true},"in2DMode":false,"pivot":{"x":10.03660774230957,"y":1.099259376525879,"z":6.452199935913086},"rotation":{"x":0.020748574286699296,"y":-0.6765295267105103,"z":-0.019074508920311929,"w":-0.7358759641647339},"size":12.854825973510743,"orthographic":false}