{"cameraMode":{"drawMode":0,"name":"Shaded","section":"Shading Mode"},"sceneLighting":false,"audioPlay":false,"sceneViewState":{"showFog":true,"showMaterialUpdate":false,"showSkybox":false,"showFlares":true,"showImageEffects":true,"showParticleSystems":true},"in2DMode":false,"pivot":{"x":-20.63019561767578,"y":11.421887397766114,"z":-3.844618797302246},"rotation":{"x":-0.3698602616786957,"y":0.06429051607847214,"z":-0.02566329948604107,"w":-0.9265050292015076},"size":12.8302583694458,"orthographic":false}