{"cameraMode":{"drawMode":0,"name":"Shaded","section":"Shading Mode"},"sceneLighting":false,"audioPlay":false,"sceneViewState":{"showFog":true,"showMaterialUpdate":false,"showSkybox":false,"showFlares":true,"showImageEffects":true,"showParticleSystems":true},"in2DMode":false,"pivot":{"x":2.794985294342041,"y":-1.2515904903411866,"z":-10.339717864990235},"rotation":{"x":0.04763505235314369,"y":-0.4303090274333954,"z":0.022746041417121888,"w":0.9011369347572327},"size":8.327188491821289,"orthographic":false}