{"cameraMode":{"drawMode":0,"name":"Shaded","section":"Shading Mode"},"sceneLighting":false,"audioPlay":false,"sceneViewState":{"showFog":true,"showMaterialUpdate":false,"showSkybox":false,"showFlares":true,"showImageEffects":true,"showParticleSystems":true},"in2DMode":false,"pivot":{"x":6.982113838195801,"y":6.468142032623291,"z":-8.49385929107666},"rotation":{"x":0.08341272920370102,"y":-0.9054921269416809,"z":0.21040694415569306,"w":0.3589642345905304},"size":14.708765983581543,"orthographic":false}