{"cameraMode":{"drawMode":0,"name":"Shaded","section":"Shading Mode"},"sceneLighting":false,"audioPlay":false,"sceneViewState":{"showFog":true,"showMaterialUpdate":false,"showSkybox":false,"showFlares":true,"showImageEffects":true,"showParticleSystems":true},"in2DMode":false,"pivot":{"x":-5.731121063232422,"y":1.1472856998443604,"z":0.9571938514709473},"rotation":{"x":0.1717141568660736,"y":-0.3857404291629791,"z":0.07330962270498276,"w":0.9035177826881409},"size":5.321119785308838,"orthographic":false}