{"cameraMode":{"drawMode":0,"name":"Shaded","section":"Shading Mode"},"sceneLighting":false,"audioPlay":false,"sceneViewState":{"showFog":true,"showMaterialUpdate":false,"showSkybox":false,"showFlares":true,"showImageEffects":true,"showParticleSystems":true},"in2DMode":false,"pivot":{"x":7.8890838623046879,"y":3.3435120582580568,"z":-1.327500581741333},"rotation":{"x":0.030723698437213899,"y":0.6867194175720215,"z":-0.02907448448240757,"w":0.7256909012794495},"size":13.333390235900879,"orthographic":false}