{"cameraMode":{"drawMode":0,"name":"Shaded","section":"Shading Mode"},"sceneLighting":false,"audioPlay":false,"sceneViewState":{"showFog":true,"showMaterialUpdate":false,"showSkybox":false,"showFlares":true,"showImageEffects":true,"showParticleSystems":true},"in2DMode":false,"pivot":{"x":-6.638999938964844,"y":3.7899999618530275,"z":20.755292892456056},"rotation":{"x":0.08091381937265396,"y":-0.08825808763504029,"z":0.007191252429038286,"w":0.9927797913551331},"size":4.661564350128174,"orthographic":false}