{"cameraMode":{"drawMode":0,"name":"Shaded","section":"Shading Mode"},"sceneLighting":false,"audioPlay":false,"sceneViewState":{"showFog":true,"showMaterialUpdate":false,"showSkybox":false,"showFlares":true,"showImageEffects":true,"showParticleSystems":true},"in2DMode":false,"pivot":{"x":-38.26191329956055,"y":-22.240968704223634,"z":-3.4447131156921388},"rotation":{"x":0.014981965534389019,"y":0.9849913716316223,"z":-0.1251000016927719,"w":0.11797239631414414},"size":7.843598365783691,"orthographic":false}