{"cameraMode":{"drawMode":0,"name":"Shaded","section":"Shading Mode"},"sceneLighting":false,"audioPlay":false,"sceneViewState":{"showFog":true,"showMaterialUpdate":false,"showSkybox":false,"showFlares":true,"showImageEffects":true,"showParticleSystems":true},"in2DMode":false,"pivot":{"x":0.04999998211860657,"y":3.3000001907348635,"z":-13.760000228881836},"rotation":{"x":-0.008887785486876965,"y":0.9910774827003479,"z":-0.08975017070770264,"w":-0.09813956916332245},"size":7.672056674957275,"orthographic":false}