{"cameraMode":{"drawMode":0,"name":"Shaded","section":"Shading Mode"},"sceneLighting":false,"audioPlay":false,"sceneViewState":{"showFog":true,"showMaterialUpdate":false,"showSkybox":false,"showFlares":true,"showImageEffects":true,"showParticleSystems":true},"in2DMode":false,"pivot":{"x":10.817769050598145,"y":-7.806159019470215,"z":17.44303321838379},"rotation":{"x":-0.2913987934589386,"y":-0.704725980758667,"z":0.41132494807243349,"w":-0.49925926327705386},"size":3.5811095237731935,"orthographic":false}