{"cameraMode":{"drawMode":0,"name":"Shaded","section":"Shading Mode"},"sceneLighting":false,"audioPlay":false,"sceneViewState":{"showFog":true,"showMaterialUpdate":false,"showSkybox":false,"showFlares":true,"showImageEffects":true,"showParticleSystems":true},"in2DMode":false,"pivot":{"x":5.053573131561279,"y":4.960355281829834,"z":-33.14852523803711},"rotation":{"x":0.0026112862396985294,"y":-0.9963796138763428,"z":0.07819508016109467,"w":0.03326188772916794},"size":19.926097869873048,"orthographic":false}