{"cameraMode":{"drawMode":0,"name":"Shaded","section":"Shading Mode"},"sceneLighting":false,"audioPlay":false,"sceneViewState":{"showFog":true,"showMaterialUpdate":false,"showSkybox":false,"showFlares":true,"showImageEffects":true,"showParticleSystems":true},"in2DMode":false,"pivot":{"x":-5.02009391784668,"y":4.7398200035095219,"z":-13.963159561157227},"rotation":{"x":-0.0037879645824432375,"y":-0.9850688576698303,"z":-0.021859534084796907,"w":0.1707252562046051},"size":19.014293670654298,"orthographic":false}