{"cameraMode":{"drawMode":0,"name":"Shaded","section":"Shading Mode"},"sceneLighting":false,"audioPlay":false,"sceneViewState":{"showFog":true,"showMaterialUpdate":false,"showSkybox":false,"showFlares":true,"showImageEffects":true,"showParticleSystems":true},"in2DMode":false,"pivot":{"x":-0.030950069427490236,"y":1.8215835094451905,"z":-0.12190389633178711},"rotation":{"x":0.218910813331604,"y":0.19459909200668336,"z":-0.04460278898477554,"w":0.9551020264625549},"size":7.499790191650391,"orthographic":false}