{"cameraMode":{"drawMode":0,"name":"Shaded","section":"Shading Mode"},"sceneLighting":false,"audioPlay":false,"sceneViewState":{"showFog":true,"showMaterialUpdate":false,"showSkybox":false,"showFlares":true,"showImageEffects":true,"showParticleSystems":true},"in2DMode":false,"pivot":{"x":-3.6127285957336427,"y":-3.8777074813842775,"z":-7.173060417175293},"rotation":{"x":0.02352782152593136,"y":-0.9763415455818176,"z":0.15987880527973176,"w":0.14367495477199555},"size":14.758971214294434,"orthographic":false}