{"cameraMode":{"drawMode":0,"name":"Shaded","section":"Shading Mode"},"sceneLighting":false,"audioPlay":false,"sceneViewState":{"showFog":true,"showMaterialUpdate":false,"showSkybox":false,"showFlares":true,"showImageEffects":true,"showParticleSystems":true},"in2DMode":false,"pivot":{"x":-4.292036056518555,"y":0.41147565841674807,"z":18.321998596191408},"rotation":{"x":-0.027272650972008706,"y":-0.9672653675079346,"z":0.11842117458581925,"w":-0.222778782248497},"size":5.777355670928955,"orthographic":false}