{"cameraMode":{"drawMode":0,"name":"Shaded","section":"Shading Mode"},"sceneLighting":false,"audioPlay":false,"sceneViewState":{"showFog":true,"showMaterialUpdate":false,"showSkybox":false,"showFlares":true,"showImageEffects":true,"showParticleSystems":true},"in2DMode":false,"pivot":{"x":-3.373987913131714,"y":0.7082362771034241,"z":-0.828414797782898},"rotation":{"x":0.28112393617630007,"y":-0.6364260315895081,"z":0.2685635983943939,"w":0.6661867499351502},"size":6.996466636657715,"orthographic":false}