{"cameraMode":{"drawMode":0,"name":"Shaded","section":"Shading Mode"},"sceneLighting":false,"audioPlay":false,"sceneViewState":{"showFog":true,"showMaterialUpdate":false,"showSkybox":false,"showFlares":true,"showImageEffects":true,"showParticleSystems":true},"in2DMode":false,"pivot":{"x":0.6754127144813538,"y":2.6376566886901857,"z":0.03370526432991028},"rotation":{"x":0.10100094974040985,"y":0.551822304725647,"z":-0.06755290180444718,"w":0.8250622153282166},"size":4.6545939445495609,"orthographic":false}