{"cameraMode":{"drawMode":0,"name":"Shaded","section":"Shading Mode"},"sceneLighting":false,"audioPlay":false,"sceneViewState":{"showFog":true,"showMaterialUpdate":false,"showSkybox":false,"showFlares":true,"showImageEffects":true,"showParticleSystems":true},"in2DMode":false,"pivot":{"x":9.998740196228028,"y":-1.2966148853302003,"z":-2.727632999420166},"rotation":{"x":-0.309356153011322,"y":0.6434265971183777,"z":-0.3194441497325897,"w":-0.6231022477149963},"size":5.899980545043945,"orthographic":false}