{"cameraMode":{"drawMode":0,"name":"Shaded","section":"Shading Mode"},"sceneLighting":false,"audioPlay":false,"sceneViewState":{"showFog":true,"showMaterialUpdate":false,"showSkybox":false,"showFlares":true,"showImageEffects":true,"showParticleSystems":true},"in2DMode":false,"pivot":{"x":8.97271728515625,"y":-3.362670660018921,"z":0.33804455399513247},"rotation":{"x":0.010529804043471814,"y":0.9893795847892761,"z":-0.09558948874473572,"w":0.10899488627910614},"size":7.875185489654541,"orthographic":false}