{"cameraMode":{"drawMode":0,"name":"Shaded","section":"Shading Mode"},"sceneLighting":false,"audioPlay":false,"sceneViewState":{"showFog":true,"showMaterialUpdate":false,"showSkybox":false,"showFlares":true,"showImageEffects":true,"showParticleSystems":true},"in2DMode":false,"pivot":{"x":4.828322887420654,"y":3.3826236724853517,"z":-6.3965864181518559},"rotation":{"x":-0.008011333644390107,"y":0.7943185567855835,"z":0.010476469062268734,"w":0.6073582768440247},"size":8.75757884979248,"orthographic":false}