{"cameraMode":{"drawMode":0,"name":"Shaded","section":"Shading Mode"},"sceneLighting":false,"audioPlay":false,"sceneViewState":{"showFog":true,"showMaterialUpdate":false,"showSkybox":false,"showFlares":true,"showImageEffects":true,"showParticleSystems":true},"in2DMode":false,"pivot":{"x":-8.929999351501465,"y":0.8950001001358032,"z":-11.402000427246094},"rotation":{"x":0.1122223287820816,"y":0.07898440212011337,"z":-0.008949619717895985,"w":0.9904986619949341},"size":3.176055669784546,"orthographic":false}