{"cameraMode":{"drawMode":0,"name":"Shaded","section":"Shading Mode"},"sceneLighting":false,"audioPlay":false,"sceneViewState":{"showFog":true,"showMaterialUpdate":false,"showSkybox":false,"showFlares":true,"showImageEffects":true,"showParticleSystems":true},"in2DMode":false,"pivot":{"x":-5.73892068862915,"y":-1.8954076766967774,"z":-0.6945269107818604},"rotation":{"x":-0.03729527071118355,"y":-0.9627023935317993,"z":0.18896573781967164,"w":-0.1900137960910797},"size":1.8674535751342774,"orthographic":false}