{"cameraMode":{"drawMode":0,"name":"Shaded","section":"Shading Mode"},"sceneLighting":false,"audioPlay":false,"sceneViewState":{"showFog":true,"showMaterialUpdate":false,"showSkybox":false,"showFlares":true,"showImageEffects":true,"showParticleSystems":true},"in2DMode":false,"pivot":{"x":3.8992538452148439,"y":1.2686041593551636,"z":-11.733125686645508},"rotation":{"x":-0.060598719865083697,"y":-0.7472742795944214,"z":0.0688055232167244,"w":-0.6581602096557617},"size":8.68043327331543,"orthographic":false}