{"cameraMode":{"drawMode":0,"name":"Shaded","section":"Shading Mode"},"sceneLighting":false,"audioPlay":false,"sceneViewState":{"showFog":true,"showMaterialUpdate":false,"showSkybox":false,"showFlares":true,"showImageEffects":true,"showParticleSystems":true},"in2DMode":false,"pivot":{"x":-6.312201976776123,"y":1.5095776319503785,"z":-0.25201836228370669},"rotation":{"x":-0.024795718491077424,"y":0.6673159599304199,"z":-0.02223820425570011,"w":-0.7440295815467835},"size":12.755533218383789,"orthographic":false}