{"cameraMode":{"drawMode":0,"name":"Shaded","section":"Shading Mode"},"sceneLighting":false,"audioPlay":false,"sceneViewState":{"showFog":true,"showMaterialUpdate":false,"showSkybox":false,"showFlares":true,"showImageEffects":true,"showParticleSystems":true},"in2DMode":false,"pivot":{"x":4.534736156463623,"y":4.467370510101318,"z":-2.066911458969116},"rotation":{"x":0.15731281042099,"y":0.18399575352668763,"z":-0.02984710782766342,"w":0.969797670841217},"size":14.342667579650879,"orthographic":false}