{"cameraMode":{"drawMode":0,"name":"Shaded","section":"Shading Mode"},"sceneLighting":false,"audioPlay":false,"sceneViewState":{"showFog":true,"showMaterialUpdate":false,"showSkybox":false,"showFlares":true,"showImageEffects":true,"showParticleSystems":true},"in2DMode":false,"pivot":{"x":5.48725700378418,"y":3.100118637084961,"z":-1.4307621717453004},"rotation":{"x":0.013890067115426064,"y":0.7128913998603821,"z":-0.014126655645668507,"w":0.700994610786438},"size":7.60254430770874,"orthographic":false}