{"cameraMode":{"drawMode":0,"name":"Shaded","section":"Shading Mode"},"sceneLighting":false,"audioPlay":false,"sceneViewState":{"showFog":true,"showMaterialUpdate":false,"showSkybox":false,"showFlares":true,"showImageEffects":true,"showParticleSystems":true},"in2DMode":false,"pivot":{"x":3.6600000858306886,"y":0.43000006675720217,"z":-4.035999774932861},"rotation":{"x":-0.13476623594760896,"y":-0.39193686842918398,"z":0.05815879628062248,"w":-0.9082076549530029},"size":7.218632698059082,"orthographic":false}