{"cameraMode":{"drawMode":0,"name":"Shaded","section":"Shading Mode"},"sceneLighting":false,"audioPlay":false,"sceneViewState":{"showFog":true,"showMaterialUpdate":false,"showSkybox":false,"showFlares":true,"showImageEffects":true,"showParticleSystems":true},"in2DMode":false,"pivot":{"x":0.25,"y":1.8000000715255738,"z":0.15000000596046449},"rotation":{"x":-0.03329099342226982,"y":-0.03451211005449295,"z":0.0011512294877320529,"w":-0.9988490343093872},"size":5.546553134918213,"orthographic":false}