{"cameraMode":{"drawMode":0,"name":"Shaded","section":"Shading Mode"},"sceneLighting":true,"audioPlay":false,"sceneViewState":{"showFog":true,"showMaterialUpdate":false,"showSkybox":true,"showFlares":true,"showImageEffects":true,"showParticleSystems":true},"in2DMode":false,"pivot":{"x":148.5727996826172,"y":29.39944839477539,"z":23.730670928955079},"rotation":{"x":-0.04301467910408974,"y":0.9252851009368897,"z":-0.11047245562076569,"w":-0.3602680265903473},"size":5.370604991912842,"orthographic":false}