{"cameraMode":{"drawMode":0,"name":"Shaded","section":"Shading Mode"},"sceneLighting":false,"audioPlay":false,"sceneViewState":{"showFog":true,"showMaterialUpdate":false,"showSkybox":false,"showFlares":true,"showImageEffects":true,"showParticleSystems":true},"in2DMode":false,"pivot":{"x":6.777730464935303,"y":1.25063955783844,"z":0.49068498611450198},"rotation":{"x":-0.10358980298042298,"y":-0.02626008540391922,"z":0.0027363609988242389,"w":-0.994269609451294},"size":4.0817060470581059,"orthographic":false}