{"cameraMode":{"drawMode":0,"name":"Shaded","section":"Shading Mode"},"sceneLighting":false,"audioPlay":false,"sceneViewState":{"showFog":true,"showMaterialUpdate":false,"showSkybox":false,"showFlares":true,"showImageEffects":true,"showParticleSystems":true},"in2DMode":false,"pivot":{"x":-0.050000011920928958,"y":2.049999952316284,"z":-11.119999885559082},"rotation":{"x":-0.03528173640370369,"y":-0.2358178049325943,"z":0.008568734861910344,"w":-0.9711188673973084},"size":4.360308647155762,"orthographic":false}