{"cameraMode":{"drawMode":0,"name":"Shaded","section":"Shading Mode"},"sceneLighting":false,"audioPlay":false,"sceneViewState":{"showFog":true,"showMaterialUpdate":false,"showSkybox":false,"showFlares":true,"showImageEffects":true,"showParticleSystems":true},"in2DMode":false,"pivot":{"x":3.620000123977661,"y":1.2000000476837159,"z":0.04999999701976776},"rotation":{"x":-0.024795718491077424,"y":0.6673159599304199,"z":-0.02223820425570011,"w":-0.7440295815467835},"size":5.917039394378662,"orthographic":false}