{"cameraMode":{"drawMode":0,"name":"Shaded","section":"Shading Mode"},"sceneLighting":false,"audioPlay":false,"sceneViewState":{"showFog":true,"showMaterialUpdate":false,"showSkybox":false,"showFlares":true,"showImageEffects":true,"showParticleSystems":true},"in2DMode":false,"pivot":{"x":-2.540360450744629,"y":2.703766345977783,"z":4.213006496429443},"rotation":{"x":0.10112398117780686,"y":-0.38312092423439028,"z":0.04224083572626114,"w":0.9171739816665649},"size":7.530582904815674,"orthographic":false}