{"cameraMode":{"drawMode":0,"name":"Shaded","section":"Shading Mode"},"sceneLighting":false,"audioPlay":false,"sceneViewState":{"showFog":true,"showMaterialUpdate":false,"showSkybox":false,"showFlares":true,"showImageEffects":true,"showParticleSystems":true},"in2DMode":false,"pivot":{"x":-8.1589994430542,"y":0.8950001001358032,"z":-11.402000427246094},"rotation":{"x":-0.05728641524910927,"y":0.0029572767671197654,"z":-0.00016850128304213285,"w":-0.9983534216880798},"size":4.976056098937988,"orthographic":false}