{"cameraMode":{"drawMode":0,"name":"Shaded","section":"Shading Mode"},"sceneLighting":false,"audioPlay":false,"sceneViewState":{"showFog":true,"showMaterialUpdate":false,"showSkybox":false,"showFlares":true,"showImageEffects":true,"showParticleSystems":true},"in2DMode":false,"pivot":{"x":15.464361190795899,"y":-0.9888925552368164,"z":14.593222618103028},"rotation":{"x":0.20437206327915193,"y":0.19955827295780183,"z":-0.04259992763400078,"w":0.9573890566825867},"size":36.441898345947269,"orthographic":false}