{"cameraMode":{"drawMode":0,"name":"Shaded","section":"Shading Mode"},"sceneLighting":false,"audioPlay":false,"sceneViewState":{"showFog":true,"showMaterialUpdate":false,"showSkybox":false,"showFlares":true,"showImageEffects":true,"showParticleSystems":true},"in2DMode":false,"pivot":{"x":-0.8500000238418579,"y":2.200000047683716,"z":-1.5499999523162842},"rotation":{"x":0.17332588136196137,"y":0.6781558990478516,"z":-0.1694178581237793,"w":0.6938014030456543},"size":7.499790191650391,"orthographic":false}