{"cameraMode":{"drawMode":0,"name":"Shaded","section":"Shading Mode"},"sceneLighting":false,"audioPlay":false,"sceneViewState":{"showFog":true,"showMaterialUpdate":false,"showSkybox":false,"showFlares":true,"showImageEffects":true,"showParticleSystems":true},"in2DMode":false,"pivot":{"x":-6.237547874450684,"y":1.8437367677688599,"z":-5.619872093200684},"rotation":{"x":-0.01616591215133667,"y":0.04355553165078163,"z":0.0007040314376354218,"w":0.9989199638366699},"size":12.591161727905274,"orthographic":false}