{"cameraMode":{"drawMode":0,"name":"Shaded","section":"Shading Mode"},"sceneLighting":false,"audioPlay":false,"sceneViewState":{"showFog":true,"showMaterialUpdate":false,"showSkybox":false,"showFlares":true,"showImageEffects":true,"showParticleSystems":true},"in2DMode":false,"pivot":{"x":-3.5390777587890627,"y":-4.509847640991211,"z":7.093814373016357},"rotation":{"x":-0.050581637769937518,"y":0.05720709636807442,"z":0.0029017264023423197,"w":0.9970759749412537},"size":7.334286212921143,"orthographic":false}