{"cameraMode":{"drawMode":0,"name":"Shaded","section":"Shading Mode"},"sceneLighting":false,"audioPlay":false,"sceneViewState":{"showFog":true,"showMaterialUpdate":false,"showSkybox":false,"showFlares":true,"showImageEffects":true,"showParticleSystems":true},"in2DMode":false,"pivot":{"x":1.6706857681274415,"y":1.5987133979797364,"z":3.6493313312530519},"rotation":{"x":0.10490193963050842,"y":0.6123185753822327,"z":-0.08242777734994888,"w":0.779273509979248},"size":16.963909149169923,"orthographic":false}