{"cameraMode":{"drawMode":0,"name":"Shaded","section":"Shading Mode"},"sceneLighting":false,"audioPlay":false,"sceneViewState":{"showFog":true,"showMaterialUpdate":false,"showSkybox":false,"showFlares":true,"showImageEffects":true,"showParticleSystems":true},"in2DMode":false,"pivot":{"x":-1.5740000009536744,"y":1.100000023841858,"z":-11.489999771118164},"rotation":{"x":-0.0037942698691040279,"y":-0.9719800353050232,"z":-0.015731187537312509,"w":0.2345057725906372},"size":6.17814302444458,"orthographic":false}