{"cameraMode":{"drawMode":0,"name":"Shaded","section":"Shading Mode"},"sceneLighting":false,"audioPlay":false,"sceneViewState":{"showFog":true,"showMaterialUpdate":false,"showSkybox":false,"showFlares":true,"showImageEffects":true,"showParticleSystems":true},"in2DMode":false,"pivot":{"x":3.210909128189087,"y":4.3607258796691898,"z":3.5456931591033937},"rotation":{"x":-0.014176493510603905,"y":-0.6984373331069946,"z":0.013839787803590298,"w":-0.7153970003128052},"size":12.652874946594239,"orthographic":false}