{"cameraMode":{"drawMode":0,"name":"Shaded","section":"Shading Mode"},"sceneLighting":false,"audioPlay":false,"sceneViewState":{"showFog":true,"showMaterialUpdate":false,"showSkybox":false,"showFlares":true,"showImageEffects":true,"showParticleSystems":true},"in2DMode":false,"pivot":{"x":-2.4375405311584474,"y":5.840778350830078,"z":4.703288555145264},"rotation":{"x":-0.04934386909008026,"y":0.6837847828865051,"z":-0.04644103720784187,"w":-0.7265306711196899},"size":10.612720489501954,"orthographic":false}