{"cameraMode":{"drawMode":0,"name":"Shaded","section":"Shading Mode"},"sceneLighting":false,"audioPlay":false,"sceneViewState":{"showFog":true,"showMaterialUpdate":false,"showSkybox":false,"showFlares":true,"showImageEffects":true,"showParticleSystems":true},"in2DMode":false,"pivot":{"x":-16.29912757873535,"y":4.909307956695557,"z":3.178598642349243},"rotation":{"x":0.033645376563072208,"y":-0.7165626287460327,"z":0.034646883606910709,"w":0.6958488821983337},"size":22.445388793945314,"orthographic":false}