{"cameraMode":{"drawMode":0,"name":"Shaded","section":"Shading Mode"},"sceneLighting":false,"audioPlay":false,"sceneViewState":{"showFog":true,"showMaterialUpdate":false,"showSkybox":false,"showFlares":true,"showImageEffects":true,"showParticleSystems":true},"in2DMode":false,"pivot":{"x":1504.938232421875,"y":1361.3660888671875,"z":-47.585262298583987},"rotation":{"x":-0.0046503059566020969,"y":0.9953474998474121,"z":-0.06909792870283127,"w":-0.06698782742023468},"size":3.7133963108062746,"orthographic":false}