{"cameraMode":{"drawMode":0,"name":"Shaded","section":"Shading Mode"},"sceneLighting":false,"audioPlay":false,"sceneViewState":{"showFog":true,"showMaterialUpdate":false,"showSkybox":false,"showFlares":true,"showImageEffects":true,"showParticleSystems":true},"in2DMode":false,"pivot":{"x":116.83391571044922,"y":23.886489868164064,"z":5.9110212326049809},"rotation":{"x":-0.12974761426448823,"y":-0.10184593498706818,"z":0.013398777693510056,"w":-0.9862116575241089},"size":3.178129196166992,"orthographic":false}