{"cameraMode":{"drawMode":0,"name":"Shaded","section":"Shading Mode"},"sceneLighting":false,"audioPlay":false,"sceneViewState":{"showFog":true,"showMaterialUpdate":false,"showSkybox":false,"showFlares":true,"showImageEffects":true,"showParticleSystems":true},"in2DMode":false,"pivot":{"x":1.7000000476837159,"y":4.699999809265137,"z":-10.190000534057618},"rotation":{"x":-0.2459534853696823,"y":-0.4066610634326935,"z":0.11465547233819962,"w":-0.8723461627960205},"size":14.342667579650879,"orthographic":false}