{"cameraMode":{"drawMode":0,"name":"Shaded","section":"Shading Mode"},"sceneLighting":false,"audioPlay":false,"sceneViewState":{"showFog":true,"showMaterialUpdate":false,"showSkybox":false,"showFlares":true,"showImageEffects":true,"showParticleSystems":true},"in2DMode":false,"pivot":{"x":6.806354522705078,"y":1.057652473449707,"z":18.176002502441408},"rotation":{"x":-0.10076198726892472,"y":-0.28332066535949709,"z":0.029947951436042787,"w":-0.9532468318939209},"size":22.445388793945314,"orthographic":false}