{"cameraMode":{"drawMode":0,"name":"Shaded","section":"Shading Mode"},"sceneLighting":false,"audioPlay":false,"sceneViewState":{"showFog":true,"showMaterialUpdate":false,"showSkybox":false,"showFlares":true,"showImageEffects":true,"showParticleSystems":true},"in2DMode":false,"pivot":{"x":-1.2000000476837159,"y":4.300000190734863,"z":1.4000000953674317},"rotation":{"x":0.014697704464197159,"y":0.642644464969635,"z":0.012331864796578884,"w":-0.765924334526062},"size":12.665295600891114,"orthographic":false}