{"cameraMode":{"drawMode":0,"name":"Shaded","section":"Shading Mode"},"sceneLighting":false,"audioPlay":false,"sceneViewState":{"showFog":true,"showMaterialUpdate":false,"showSkybox":false,"showFlares":true,"showImageEffects":true,"showParticleSystems":true},"in2DMode":false,"pivot":{"x":1.5475914478302003,"y":-0.569153904914856,"z":2.4910175800323488},"rotation":{"x":0.0723249763250351,"y":0.9148746132850647,"z":-0.18956367671489716,"w":0.3490546941757202},"size":6.1316986083984379,"orthographic":false}