{"cameraMode":{"drawMode":0,"name":"Shaded","section":"Shading Mode"},"sceneLighting":false,"audioPlay":false,"sceneViewState":{"showFog":true,"showMaterialUpdate":false,"showSkybox":false,"showFlares":true,"showImageEffects":true,"showParticleSystems":true},"in2DMode":false,"pivot":{"x":-31.206214904785158,"y":27.67219352722168,"z":17.403045654296876},"rotation":{"x":0.003753689583390951,"y":0.9960501790046692,"z":0.05202976614236832,"w":-0.07185322046279907},"size":13.566171646118164,"orthographic":false}