{"cameraMode":{"drawMode":0,"name":"Shaded","section":"Shading Mode"},"sceneLighting":false,"audioPlay":false,"sceneViewState":{"showFog":true,"showMaterialUpdate":false,"showSkybox":false,"showFlares":true,"showImageEffects":true,"showParticleSystems":true},"in2DMode":false,"pivot":{"x":-29.35479164123535,"y":23.603649139404298,"z":18.151464462280275},"rotation":{"x":0.014159409329295159,"y":0.9631733894348145,"z":0.0517611987888813,"w":-0.26347148418426516},"size":9.861422538757325,"orthographic":false}