{"cameraMode":{"drawMode":0,"name":"Shaded","section":"Shading Mode"},"sceneLighting":false,"audioPlay":false,"sceneViewState":{"showFog":true,"showMaterialUpdate":false,"showSkybox":false,"showFlares":true,"showImageEffects":true,"showParticleSystems":true},"in2DMode":false,"pivot":{"x":-3.7348382472991945,"y":4.518411159515381,"z":4.830855369567871},"rotation":{"x":0.014697704464197159,"y":0.642644464969635,"z":0.012331864796578884,"w":-0.765924334526062},"size":10.612720489501954,"orthographic":false}