{"cameraMode":{"drawMode":0,"name":"Shaded","section":"Shading Mode"},"sceneLighting":false,"audioPlay":false,"sceneViewState":{"showFog":true,"showMaterialUpdate":false,"showSkybox":false,"showFlares":true,"showImageEffects":true,"showParticleSystems":true},"in2DMode":false,"pivot":{"x":-8.326202392578125,"y":4.428745746612549,"z":3.341109037399292},"rotation":{"x":-0.02559386007487774,"y":0.7354435920715332,"z":-0.02782294526696205,"w":-0.6765305995941162},"size":12.652874946594239,"orthographic":false}