{"cameraMode":{"drawMode":0,"name":"Shaded","section":"Shading Mode"},"sceneLighting":false,"audioPlay":false,"sceneViewState":{"showFog":true,"showMaterialUpdate":false,"showSkybox":false,"showFlares":true,"showImageEffects":true,"showParticleSystems":true},"in2DMode":false,"pivot":{"x":117.88373565673828,"y":24.24082374572754,"z":4.726999759674072},"rotation":{"x":-0.03532897308468819,"y":-0.723956286907196,"z":0.037178657948970798,"w":-0.6879367828369141},"size":3.4781291484832765,"orthographic":false}